<?xml version="1.0" encoding="UTF-8"?>
<project-private xmlns="http://www.netbeans.org/ns/project-private/1">
    <editor-bookmarks xmlns="http://www.netbeans.org/ns/editor-bookmarks/2" lastBookmarkId="0"/>
    <open-files xmlns="http://www.netbeans.org/ns/projectui-open-files/2">
        <group>
            <file>file:/home/andrewthebeast/NetBeansProjects/WorldofFun/src/worldoffun_guajardo/Menu.java</file>
            <file>file:/home/andrewthebeast/NetBeansProjects/WorldofFun/src/worldoffun_guajardo/WorldofFunLvl1.java</file>
            <file>file:/home/andrewthebeast/NetBeansProjects/WorldofFun/src/worldoffun_guajardo/Main.java</file>
            <file>file:/home/andrewthebeast/NetBeansProjects/WorldofFun/src/worldoffun_guajardo/Enemy.java</file>
            <file>file:/home/andrewthebeast/NetBeansProjects/WorldofFun/src/worldoffun_guajardo/Player.java</file>
        </group>
    </open-files>
</project-private>
